{
  "auc_roc": 0.8835,
  "sensitivity": 0.7458,
  "specificity": 0.851,
  "accuracy": 0.8,
  "ppv": 0.8249,
  "npv": 0.7806,
  "tp": 179,
  "fp": 38,
  "fn": 61,
  "tn": 217,
  "optimal_threshold": 0.613,
  "n_train": 3831,
  "n_val": 480,
  "n_test": 495,
  "model_name": "EfficientNet",
  "test_probs": [
    0.90106,
    0.62538,
    0.92696,
    0.95048,
    0.80601,
    0.90508,
    0.8493,
    0.91513,
    0.93318,
    0.91432,
    0.83757,
    0.95233,
    0.74582,
    0.92724,
    0.77173,
    0.82451,
    0.09666,
    0.13352,
    0.45529,
    0.9283,
    0.44208,
    0.73576,
    0.93486,
    0.87992,
    0.9218,
    0.88839,
    0.43874,
    0.85319,
    0.85824,
    0.34869,
    0.27492,
    0.33416,
    0.78692,
    0.8979,
    0.88336,
    0.37674,
    0.71723,
    0.20825,
    0.68444,
    0.62125,
    0.7925,
    0.49324,
    0.26633,
    0.84575,
    0.84146,
    0.92966,
    0.92811,
    0.47167,
    0.8553,
    0.74972,
    0.71065,
    0.84919,
    0.90741,
    0.93236,
    0.61283,
    0.73383,
    0.90773,
    0.86865,
    0.89917,
    0.94368,
    0.94521,
    0.32056,
    0.61669,
    0.94065,
    0.6234,
    0.9538,
    0.93575,
    0.74604,
    0.94855,
    0.92,
    0.91919,
    0.90444,
    0.93113,
    0.08222,
    0.10915,
    0.11202,
    0.0534,
    0.06034,
    0.06326,
    0.10994,
    0.0463,
    0.81141,
    0.92222,
    0.86119,
    0.97109,
    0.93923,
    0.41239,
    0.22336,
    0.56997,
    0.90659,
    0.94364,
    0.94187,
    0.88704,
    0.72021,
    0.8621,
    0.0984,
    0.15344,
    0.92112,
    0.94062,
    0.86401,
    0.65167,
    0.84478,
    0.52583,
    0.87509,
    0.95522,
    0.05025,
    0.07443,
    0.20432,
    0.08792,
    0.69523,
    0.69523,
    0.37513,
    0.17857,
    0.54848,
    0.07738,
    0.48182,
    0.41363,
    0.18954,
    0.8042,
    0.0868,
    0.06377,
    0.03776,
    0.14531,
    0.12488,
    0.10783,
    0.45657,
    0.14565,
    0.25478,
    0.49805,
    0.07676,
    0.37504,
    0.08721,
    0.14901,
    0.10555,
    0.11254,
    0.38067,
    0.25207,
    0.02597,
    0.03069,
    0.43784,
    0.14143,
    0.09348,
    0.10962,
    0.03104,
    0.49488,
    0.20355,
    0.25473,
    0.39793,
    0.13648,
    0.09082,
    0.12122,
    0.08432,
    0.04101,
    0.3746,
    0.53751,
    0.04136,
    0.07237,
    0.12528,
    0.2328,
    0.35306,
    0.07884,
    0.05904,
    0.04363,
    0.04549,
    0.08333,
    0.16157,
    0.85435,
    0.08046,
    0.07976,
    0.03421,
    0.04421,
    0.029,
    0.15207,
    0.24224,
    0.04638,
    0.1693,
    0.43301,
    0.74343,
    0.12311,
    0.08653,
    0.03199,
    0.05975,
    0.01992,
    0.03741,
    0.11654,
    0.66596,
    0.3356,
    0.35775,
    0.14671,
    0.0348,
    0.04464,
    0.10707,
    0.11627,
    0.12314,
    0.05474,
    0.11862,
    0.09411,
    0.11862,
    0.10214,
    0.03132,
    0.03587,
    0.05149,
    0.08512,
    0.08034,
    0.07776,
    0.34159,
    0.50382,
    0.38407,
    0.19488,
    0.06974,
    0.18293,
    0.1326,
    0.11599,
    0.05469,
    0.79816,
    0.73625,
    0.11022,
    0.29247,
    0.15721,
    0.05285,
    0.06147,
    0.11943,
    0.07602,
    0.09018,
    0.89144,
    0.56326,
    0.49012,
    0.19346,
    0.06348,
    0.58056,
    0.69232,
    0.28474,
    0.34113,
    0.33273,
    0.14339,
    0.32066,
    0.4368,
    0.18512,
    0.34651,
    0.44792,
    0.4529,
    0.58929,
    0.93735,
    0.96493,
    0.96089,
    0.75291,
    0.59341,
    0.71974,
    0.92138,
    0.92739,
    0.92181,
    0.91729,
    0.81471,
    0.76839,
    0.94592,
    0.37373,
    0.91598,
    0.89828,
    0.73366,
    0.45857,
    0.70512,
    0.23338,
    0.94076,
    0.63533,
    0.46315,
    0.78978,
    0.91328,
    0.70683,
    0.92614,
    0.92614,
    0.90642,
    0.8671,
    0.48381,
    0.48348,
    0.94278,
    0.93093,
    0.42816,
    0.97835,
    0.88449,
    0.93385,
    0.90896,
    0.95998,
    0.25855,
    0.26065,
    0.90004,
    0.54051,
    0.94189,
    0.93114,
    0.54555,
    0.61578,
    0.94484,
    0.97682,
    0.56036,
    0.93811,
    0.62504,
    0.77331,
    0.90842,
    0.19101,
    0.85895,
    0.86425,
    0.19552,
    0.78183,
    0.79788,
    0.90016,
    0.93019,
    0.87643,
    0.87643,
    0.87643,
    0.93238,
    0.23314,
    0.95925,
    0.93468,
    0.31687,
    0.51026,
    0.94235,
    0.87817,
    0.75077,
    0.87119,
    0.49451,
    0.63068,
    0.93373,
    0.91521,
    0.92149,
    0.92889,
    0.94375,
    0.97114,
    0.61269,
    0.80662,
    0.78785,
    0.37333,
    0.8415,
    0.86914,
    0.92452,
    0.92269,
    0.2311,
    0.95647,
    0.96373,
    0.89609,
    0.61015,
    0.61015,
    0.49232,
    0.61015,
    0.61015,
    0.20142,
    0.20142,
    0.20142,
    0.20142,
    0.20142,
    0.27585,
    0.54896,
    0.29138,
    0.46165,
    0.36776,
    0.50011,
    0.55002,
    0.28601,
    0.26755,
    0.89582,
    0.61344,
    0.19947,
    0.55906,
    0.44221,
    0.84397,
    0.31875,
    0.17166,
    0.27281,
    0.48255,
    0.20084,
    0.34185,
    0.15803,
    0.1241,
    0.28863,
    0.12775,
    0.09511,
    0.28554,
    0.39245,
    0.28508,
    0.51107,
    0.30203,
    0.14034,
    0.17633,
    0.34962,
    0.1679,
    0.54042,
    0.61132,
    0.68128,
    0.47712,
    0.30213,
    0.16332,
    0.06321,
    0.03805,
    0.32212,
    0.17443,
    0.66672,
    0.57772,
    0.4957,
    0.78912,
    0.53696,
    0.27213,
    0.26594,
    0.81855,
    0.69195,
    0.83047,
    0.47983,
    0.67732,
    0.66367,
    0.50185,
    0.37314,
    0.37955,
    0.82767,
    0.62004,
    0.52861,
    0.08028,
    0.14637,
    0.42044,
    0.47539,
    0.46011,
    0.06315,
    0.56554,
    0.57537,
    0.39059,
    0.34652,
    0.42339,
    0.9159,
    0.67869,
    0.69179,
    0.26098,
    0.10624,
    0.91768,
    0.31907,
    0.34747,
    0.12038,
    0.31266,
    0.1402,
    0.05515,
    0.48329,
    0.16837,
    0.26261,
    0.57148,
    0.7264,
    0.52331,
    0.03357,
    0.09625,
    0.24437,
    0.17855,
    0.11591,
    0.55749,
    0.53911,
    0.553,
    0.178,
    0.65581,
    0.12692,
    0.10399,
    0.10954,
    0.24204,
    0.21379,
    0.13044,
    0.04689,
    0.06065,
    0.05638,
    0.07714,
    0.11335,
    0.06011,
    0.18843,
    0.14228,
    0.14363,
    0.24327,
    0.14029,
    0.05419,
    0.15393,
    0.04894,
    0.26679,
    0.6118,
    0.10834,
    0.19749,
    0.20552,
    0.36518,
    0.48676,
    0.13245,
    0.18947,
    0.21996,
    0.39816,
    0.30899,
    0.11163,
    0.33511,
    0.04533,
    0.13816,
    0.05784,
    0.09691,
    0.15522,
    0.37905,
    0.12286,
    0.09777,
    0.09414,
    0.09066
  ],